<?xml version="1.0"?>
<class>
   <student rollno="393">
      <firstname>dinkar's</firstname>
      <lastname>kad</lastname>
      <nickname>dinkar</nickname>
      <marks> > if marks &gt; 85 then</marks>
   </student>
   <student rollno="493">
      <firstname>Vaneet</firstname>
      <lastname>Gupta</lastname>
      <nickname>vinni</nickname>
      <marks>marks > 95</marks>
   </student>
   <student rollno="593">
      <firstname>jasvir</firstname>
      <lastname>singn</lastname>
      <nickname>jazz</nickname>
      <marks>90</marks>
   </student>
</class>