<?xml version="1.0" encoding="UTF-8"?>
<!DOCTYPE articles [
<!ELEMENT articles (Movie)+>
<!ELEMENT Movie (article)>
<!ELEMENT article ( name, month, author, (reviews | feedback)+)>
<!ATTLIST article id ID #REQUIRED>
<!ELEMENT name (#PCDATA)>
<!ELEMENT month (#PCDATA) >
<!ELEMENT author (#PCDATA)>
<!ATTLIST author name CDATA #IMPLIED>
<!ELEMENT reviews (#PCDATA)>
<!ELEMENT feedback (#PCDATA)>
<!ATTLIST reviews lang CDATA #IMPLIED>
]>
 
<articles >
    <Movie>   
<article id="x34675">
<name>Apache Spark Architecture</name>
<month>december</month>
<author name="kay vennisla"/>
<reviews lang=""/>
<feedback > high rating</feedback>
<reviews lang="de">The best content with diagrams</reviews>
<!-- most value content -->
</article>
 
</Movie>
 
</articles>