<?xml version="1.0" encoding="UTF-8" standalone="no"?>
<!DOCTYPE university_list PUBLIC "SYSTEM" "university.dtd">
<university_list>

<University id="01">
<collegename> HArdwared university</collegename>
<type department="IT">Head OF department</type>
<email>hardwwre</email>

</University>

<University id="01">
    <collegename> HArdwared university</collegename>
    <type department="IT">Head OF department</type>
    <email>hardwwre</email>
    
    </University>
</university_list>