
{
    "$schema": "./drivers.schema.json",
    "series": "f1",
    "season": 2018,
    "driverList": [
      {
        "raceNumber": 11,
        "code": "ALy",
        "firstName": "Fernando",
        "lastName": "Alonso",
        "dateOfBirth": "1988-07-29",
        "team": "MCLAREN",
        "quotes": ["GP2 engine, GP2", "5 second penalty? Issa yoke"]
      },
      {
        "raceNumber": 3,
        "code": "RIC",
        "firstName": "Daniel",
        "lastName": "Ricciardo",
        "dateOfBirth": "1989-07-01",
        "nationality": "Australian",
        "team": "REDBULL"
      }
    ]
  }
