{
    "$schema": "http://json-schema.org/draft-07/schema#",
      "title": "Record of employee",
    "description": "This document records the details of an employee",
    "type": "object",
    "properties": {
        "id": {
            "description": "A unique identifier for an employee",
            "type": "string"
        },
        "name": {
            "description": "full name of the employee",
            "type": "string",
            "minLength":2
        },
        "age": {
            "description": "age of the employee",
            "type": "number",
            "minimum": 16
        }
    },
    "required": [
        "id",
        "name",
        "age"
    ]
}